entity_count,bbox_entity_count,line_count,polyline_count,text_count,insert_count,circle_count,arc_count,cad_min_x,cad_min_y,cad_max_x,cad_max_y,cad_width,cad_height,cad_area,cad_aspect_ratio,x_cluster_count,y_cluster_count,max_x_gap_ratio,max_y_gap_ratio,drawing_key,drawing_id,phase,batch,split,raw_json_path,png_path,png_width,png_height,png_error,png_file_size,hard_reject_reasons,review_flags,needs_panel_split,round2_keep
2802,2802,517,337,95,1836,17,0,-6161694.895883944,757584.199939691,-3059444.41133451,1518793.367071757,3102250.484549434,761209.1671320661,2361461507578.923,4.075424493687434,2,2,0.982771974351151,0.9909645981568515,_P1_staging/001 220kV变电站电气主接线图,001 220kV变电站电气主接线图,P1,_P1_staging,train,datas/raw_json/_P1_staging/001 220kV变电站电气主接线图.json,datas/qa_and_png/P1_oda_output/001 220kV变电站电气主接线图.png,9362,6622,,21758,,multi_panel_candidate,True,True
27341,27314,9641,13812,1708,16,978,1159,644.1276767834097,107.9511910114608,4697.1376050089,2105.628761998378,4053.0099282254905,1997.6775709869173,8096607.028603358,2.0288609068295105,1,2,0.16184939586932828,0.18377112136428755,_P1_staging/02-主接线wm666.taobao.com,02-主接线wm666.taobao.com,P1,_P1_staging,train,datas/raw_json/_P1_staging/02-主接线wm666.taobao.com.json,datas/qa_and_png/P1_oda_output/02-主接线wm666.taobao.com.png,9362,6622,,197202,,huge_entity_count;multi_panel_candidate,True,True
4281,4277,582,1159,2409,1,124,2,-1025.625551370509,-61559.7734596287,501251.1784532215,34777.57556194806,502276.804004592,96337.34902157675,48388015772.83248,5.213728726250259,1,2,0.05308255256692616,0.37097131734204175,_P1_staging/05电气主接线,05电气主接线,P1,_P1_staging,train,datas/raw_json/_P1_staging/05电气主接线.json,datas/qa_and_png/P1_oda_output/05电气主接线.png,9362,6622,,224752,,multi_panel_candidate,True,True
1313,1311,397,249,654,7,0,4,0.0,0.0,863.006,297.0,863.006,297.0,256312.78199999998,2.9057441077441077,2,1,0.41860427389844346,0.06094276094276102,_P1_staging/110Kv变电站直流系统接线图,110Kv变电站直流系统接线图,P1,_P1_staging,val,datas/raw_json/_P1_staging/110Kv变电站直流系统接线图.json,datas/qa_and_png/P1_oda_output/110Kv变电站直流系统接线图.png,9362,6622,,227192,,multi_panel_candidate,True,True
1312,1310,397,249,654,6,0,4,0.0,0.0,863.006,297.0,863.006,297.0,256312.78199999998,2.9057441077441077,2,1,0.41860427389844346,0.06094276094276102,_P1_staging/110Kv变电站直流系统接线图wm666.taobao.com,110Kv变电站直流系统接线图wm666.taobao.com,P1,_P1_staging,train,datas/raw_json/_P1_staging/110Kv变电站直流系统接线图wm666.taobao.com.json,datas/qa_and_png/P1_oda_output/110Kv变电站直流系统接线图wm666.taobao.com.png,9362,6622,,225174,,multi_panel_candidate,True,True
5275,5007,3023,503,898,437,129,17,-2337.362955176594,4057.843492446816,2656.0,4729.843492446816,4993.3629551765935,671.9999999999995,3355539.9058786687,7.430599635679459,2,1,0.7682944180714208,0.03205246913934245,_P1_staging/110kV变电站GIS布置平面图,110kV变电站GIS布置平面图,P1,_P1_staging,train,datas/raw_json/_P1_staging/110kV变电站GIS布置平面图.json,datas/qa_and_png/P1_oda_output/110kV变电站GIS布置平面图.png,9362,6622,,322994,,multi_panel_candidate,True,True
5274,5006,3023,503,898,436,129,17,-2337.362955176594,4057.843492446816,2656.0,4729.843492446816,4993.3629551765935,671.9999999999995,3355539.9058786687,7.430599635679459,2,1,0.7682944180714208,0.03205246913934245,_P1_staging/110kV变电站GIS布置平面图wm666.taobao.com,110kV变电站GIS布置平面图wm666.taobao.com,P1,_P1_staging,train,datas/raw_json/_P1_staging/110kV变电站GIS布置平面图wm666.taobao.com.json,datas/qa_and_png/P1_oda_output/110kV变电站GIS布置平面图wm666.taobao.com.png,9362,6622,,322189,,multi_panel_candidate,True,True
10024,9862,7054,58,496,1,796,1457,-716655.7118778423,-204799.682870992,-24798.6881932239,110347.5798471008,691857.0236846184,315147.26271809277,218036847206.49417,2.1953451783698408,2,2,0.3346019864445562,0.3691323447903726,_P1_staging/110kV变电站总平面及竖向布置图,110kV变电站总平面及竖向布置图,P1,_P1_staging,train,datas/raw_json/_P1_staging/110kV变电站总平面及竖向布置图.json,datas/qa_and_png/P1_oda_output/110kV变电站总平面及竖向布置图.png,9362,6622,,90662,,multi_panel_candidate,True,True
1161,1161,565,31,520,34,11,0,0.0,-2363.200051581118,7826.658158906401,187.8907711048905,7826.658158906401,2551.0908226860083,19966515.80148669,3.067965314800443,3,2,0.42197052837643895,0.4016636299152714,_P1_staging/110kv安斑东线、西线竣工图设计wm666.taobao.com,110kv安斑东线、西线竣工图设计wm666.taobao.com,P1,_P1_staging,test,datas/raw_json/_P1_staging/110kv安斑东线、西线竣工图设计wm666.taobao.com.json,datas/qa_and_png/P1_oda_output/110kv安斑东线、西线竣工图设计wm666.taobao.com.png,9362,6622,,113766,,multi_panel_candidate,True,True
2386,2386,1804,42,388,0,152,0,334.8395506929774,99.77721083899064,2331.208029632084,417.4866932730754,1996.3684789391068,317.70948243408475,634265.1961914647,6.283628878950108,2,1,0.18530664462298202,0.07602698835077956,_P1_staging/主变保护测控屏屏面布置图及元件表,主变保护测控屏屏面布置图及元件表,P1,_P1_staging,val,datas/raw_json/_P1_staging/主变保护测控屏屏面布置图及元件表.json,datas/qa_and_png/P1_oda_output/主变保护测控屏屏面布置图及元件表.png,9362,6622,,79060,,multi_panel_candidate,True,True
898,814,320,26,426,24,18,0,-4.5218485e-08,-348.8935237001434,608.9647879942011,239.173536710269,608.9647880394195,588.0670604104124,358112.1327957913,1.0355363002553188,1,2,0.06661598598980273,0.19597409579591227,_P1_staging/主变压器35kV侧断路器在PWFXH-1111上的端子排(B066-500-1215)wm666.taobao.com,主变压器35kV侧断路器在PWFXH-1111上的端子排(B066-500-1215)wm666.taobao.com,P1,_P1_staging,train,datas/raw_json/_P1_staging/主变压器35kV侧断路器在PWFXH-1111上的端子排(B066-500-1215)wm666.taobao.com.json,datas/qa_and_png/P1_oda_output/主变压器35kV侧断路器在PWFXH-1111上的端子排(B066-500-1215)wm666.taobao.com.png,6622,9362,,131377,,multi_panel_candidate,True,True
1315,1315,482,33,656,91,53,0,0.0,-41.51463716914611,908.5815654891501,420.0,908.5815654891501,461.5146371691461,419323.6915352999,1.9686950148802171,2,1,0.1884512049895375,0.010833892573091867,_P1_staging/主变进线柜原理图,主变进线柜原理图,P1,_P1_staging,train,datas/raw_json/_P1_staging/主变进线柜原理图.json,datas/qa_and_png/P1_oda_output/主变进线柜原理图.png,9362,6622,,221308,,multi_panel_candidate,True,True
4880,4607,4032,77,458,40,0,0,-500.6448240011232,-18188207.63166533,13521523.1416264,-65131.80399441614,13522023.786450403,18123075.827670913,245060662425410.4,0.7461219008864118,2,1,0.4668638873279073,0.7717392809178616,_P1_staging/电气主接线,电气主接线,P1,_P1_staging,train,datas/raw_json/_P1_staging/电气主接线.json,datas/qa_and_png/P1_oda_output/电气主接线.png,6622,9362,,24367,,multi_panel_candidate,True,True
1005,959,238,27,595,75,24,0,-689157.9795538065,105.2601843150132,1310916.543492365,2002615.303194582,2000074.5230461713,2002510.043010267,4005169319168.9277,0.9987837664172537,2,3,0.2520071006925936,0.25004518219668054,_P2_staging/02052D修-9   35kV进线及母联保护屏1BP接线端子图,02052D修-9   35kV进线及母联保护屏1BP接线端子图,P2,_P2_staging,train,datas/raw_json/_P2_staging/02052D修-9   35kV进线及母联保护屏1BP接线端子图.json,datas/qa_and_png/P2_oda_output/02052D修-9   35kV进线及母联保护屏1BP接线端子图.png,6622,9362,,24995,,multi_panel_candidate,True,True
2541,2402,460,22,94,1820,3,3,-6161694.895883944,757862.4660841535,-3059444.41133451,1518793.367071757,3102250.484549434,760930.9009876036,2360598256297.4307,4.076914842757809,2,2,0.982771974351151,0.9913269857240669,_P2_staging/057 220KV继电器楼ups配电柜a段馈线接线图,057 220KV继电器楼ups配电柜a段馈线接线图,P2,_P2_staging,train,datas/raw_json/_P2_staging/057 220KV继电器楼ups配电柜a段馈线接线图.json,datas/qa_and_png/P2_oda_output/057 220KV继电器楼ups配电柜a段馈线接线图.png,9362,6622,,21743,,multi_panel_candidate,True,True
2547,2408,460,22,100,1820,3,3,-6161694.895883944,757862.4660841535,-3059444.41133451,1518793.367071757,3102250.484549434,760930.9009876036,2360598256297.4307,4.076914842757809,2,2,0.982771974351151,0.9913269857240669,_P2_staging/058 220KV继电器楼ups配电柜b段馈线接线图,058 220KV继电器楼ups配电柜b段馈线接线图,P2,_P2_staging,train,datas/raw_json/_P2_staging/058 220KV继电器楼ups配电柜b段馈线接线图.json,datas/qa_and_png/P2_oda_output/058 220KV继电器楼ups配电柜b段馈线接线图.png,9362,6622,,21743,,multi_panel_candidate,True,True
32431,32431,9370,7090,14888,40,967,76,455.2956623892524,361.2145461333321,7688.038667033255,2629.477664681382,7232.743004644002,2268.26311854805,16405764.203370398,3.1886701968128777,2,1,0.370027961393589,0.014499913737363535,_P2_staging/10KV变电所继电保护二次接线图,10KV变电所继电保护二次接线图,P2,_P2_staging,val,datas/raw_json/_P2_staging/10KV变电所继电保护二次接线图.json,datas/qa_and_png/P2_oda_output/10KV变电所继电保护二次接线图.png,9362,6622,,245934,,huge_entity_count;multi_panel_candidate,True,True
990,952,322,20,608,2,0,0,-24.99999992466269,-341.4181897157085,591.2124693595711,200.5935632414335,616.2124692842337,542.011752957142,333994.4006707966,1.1368987220706244,1,2,0.07086070460027087,0.21409494897162148,"_P2_staging/220kVI,III分段隔离开关在监控柜上的端子排(B066-500-1721)wm666.taobao.com","220kVI,III分段隔离开关在监控柜上的端子排(B066-500-1721)wm666.taobao.com",P2,_P2_staging,train,"datas/raw_json/_P2_staging/220kVI,III分段隔离开关在监控柜上的端子排(B066-500-1721)wm666.taobao.com.json","datas/qa_and_png/P2_oda_output/220kVI,III分段隔离开关在监控柜上的端子排(B066-500-1721)wm666.taobao.com.png",9362,6622,,164004,,multi_panel_candidate,True,True
1152,1072,372,38,656,2,4,0,-28.40146380628607,-341.2237544119896,583.17748345379,249.5198265919619,611.5789472600761,590.7435810039515,361286.33737104415,1.0352697294157909,1,2,0.06585020890886731,0.21073396533934075,"_P2_staging/220kVI,II母联在监控柜上的端子排(B066-500-1723)wm666.taobao.com","220kVI,II母联在监控柜上的端子排(B066-500-1723)wm666.taobao.com",P2,_P2_staging,val,"datas/raw_json/_P2_staging/220kVI,II母联在监控柜上的端子排(B066-500-1723)wm666.taobao.com.json","datas/qa_and_png/P2_oda_output/220kVI,II母联在监控柜上的端子排(B066-500-1723)wm666.taobao.com.png",9362,6622,,186231,,multi_panel_candidate,True,True
403,372,137,31,185,9,6,4,-132.4409042994521,-107047.6660433869,220926.2764285143,34099.02628924145,221058.71733281377,141146.69233262836,31201706762.820126,1.5661629307746268,1,2,0.3310807413490051,0.1800727813680822,_P2_staging/35KV变电所设计,35KV变电所设计,P2,_P2_staging,train,datas/raw_json/_P2_staging/35KV变电所设计.json,datas/qa_and_png/P2_oda_output/35KV变电所设计.png,9362,6622,,157556,,multi_panel_candidate,True,True
637,630,316,121,162,9,6,16,-132.4409042994521,-107047.6660433869,220926.2764285143,34099.02628924145,221058.71733281377,141146.69233262836,31201706762.820126,1.5661629307746268,1,2,0.3310807413490051,0.1800727813680822,_P2_staging/35KV变电所设计(1),35KV变电所设计(1),P2,_P2_staging,train,datas/raw_json/_P2_staging/35KV变电所设计(1).json,datas/qa_and_png/P2_oda_output/35KV变电所设计(1).png,9362,6622,,152966,,multi_panel_candidate,True,True
1237,1199,683,46,217,10,47,196,-132.4409042994521,-107047.6660433869,220926.2764285143,34099.02628924145,221058.71733281377,141146.69233262836,31201706762.820126,1.5661629307746268,1,2,0.3310807413490051,0.1800727813680822,_P2_staging/35KV变电所设计(2),35KV变电所设计(2),P2,_P2_staging,train,datas/raw_json/_P2_staging/35KV变电所设计(2).json,datas/qa_and_png/P2_oda_output/35KV变电所设计(2).png,9362,6622,,233966,,multi_panel_candidate,True,True
384,375,127,15,182,9,8,34,-132.4409042994521,-107047.6660433869,220926.2764285143,34099.02628924145,221058.71733281377,141146.69233262836,31201706762.820126,1.5661629307746268,1,2,0.3310807413490051,0.1800727813680822,_P2_staging/35KV变电所设计(3),35KV变电所设计(3),P2,_P2_staging,train,datas/raw_json/_P2_staging/35KV变电所设计(3).json,datas/qa_and_png/P2_oda_output/35KV变电所设计(3).png,9362,6622,,144074,,multi_panel_candidate,True,True
2425,2425,910,4,1415,2,94,0,-79233.50746798168,-106867.467075929,3573.90748092174,1758.841308144749,82807.41494890342,108626.30838407375,8995063792.727541,0.7623145459028066,3,2,0.4584219660571119,0.6724757058879727,_P2_staging/35kV配电一次图,35kV配电一次图,P2,_P2_staging,train,datas/raw_json/_P2_staging/35kV配电一次图.json,datas/qa_and_png/P2_oda_output/35kV配电一次图.png,9362,6622,,22181,,multi_panel_candidate,True,True
2493,2397,1154,232,770,59,129,53,-265029.4126850208,-494645.3777858806,341747.6422851052,-138457.360429879,606777.054970126,356188.0173560016,216126716186.9228,1.7035302295519574,2,1,0.20893477632704985,0.45046902558870183,_P2_staging/SGT-变电所DLXT,SGT-变电所DLXT,P2,_P2_staging,test,datas/raw_json/_P2_staging/SGT-变电所DLXT.json,datas/qa_and_png/P2_oda_output/SGT-变电所DLXT.png,9362,6622,,114566,,multi_panel_candidate,True,True
8350,8257,6113,267,1214,457,197,9,-440378.2700095149,-238123.3777058735,582012.4386227137,130078.0302705253,1022390.7086322285,368201.4079763988,376445698420.3747,2.776715912769574,2,2,0.2239977071666896,0.39511919506388643,_P2_staging/变电所全套图纸wm666.taobao.com,变电所全套图纸wm666.taobao.com,P2,_P2_staging,train,datas/raw_json/_P2_staging/变电所全套图纸wm666.taobao.com.json,datas/qa_and_png/P2_oda_output/变电所全套图纸wm666.taobao.com.png,9362,6622,,350236,,multi_panel_candidate,True,True
1670,1303,625,331,38,233,73,3,-89999.1039364374,-73360.27251143905,110480.4799303447,129911.7794807699,200479.5838667821,203272.05199220893,40751896395.14494,0.9862624099178482,2,1,0.19647349797188765,0.19839922581127634,_P2_staging/变电站构架支架3d图,变电站构架支架3d图,P2,_P2_staging,train,datas/raw_json/_P2_staging/变电站构架支架3d图.json,datas/qa_and_png/P2_oda_output/变电站构架支架3d图.png,9362,6622,,409574,,multi_panel_candidate,True,True
3753,3654,2631,56,412,309,111,135,491.0,-322991.6615090437,793896.0044602144,199822.7022389131,793405.0044602144,522814.3637479568,414803532601.3118,1.5175654294814027,2,1,0.31328104035762955,0.43401930396648725,_P2_staging/某厂房变电所平面,某厂房变电所平面,P2,_P2_staging,train,datas/raw_json/_P2_staging/某厂房变电所平面.json,datas/qa_and_png/P2_oda_output/某厂房变电所平面.png,9362,6622,,71894,,multi_panel_candidate,True,True
3752,3653,2631,56,412,308,111,135,491.0,-322991.6615090437,793896.0044602144,199822.7022389131,793405.0044602144,522814.3637479568,414803532601.3118,1.5175654294814027,2,1,0.31328104035762955,0.43401930396648725,_P2_staging/某厂房变电所平面wm666.taobao.com,某厂房变电所平面wm666.taobao.com,P2,_P2_staging,train,datas/raw_json/_P2_staging/某厂房变电所平面wm666.taobao.com.json,datas/qa_and_png/P2_oda_output/某厂房变电所平面wm666.taobao.com.png,9362,6622,,70036,,multi_panel_candidate,True,True
2472,2299,1254,101,696,217,12,19,-286957.8241965995,-184953.0931173996,193625.4056646319,873.0922847352192,480583.2298612314,185826.1854021348,89304948373.34996,2.586197573938416,1,3,0.3197974532182949,0.3170035518654173,_P2_staging/欧式箱式变电站基础,欧式箱式变电站基础,P2,_P2_staging,train,datas/raw_json/_P2_staging/欧式箱式变电站基础.json,datas/qa_and_png/P2_oda_output/欧式箱式变电站基础.png,9362,6622,,62181,,multi_panel_candidate,True,True
14678,14501,8077,891,4347,114,846,226,-113295.362205876,-1752938.84224647,2013334.363097744,137870.8536028822,2126629.72530362,1890809.6958493523,4021052104085.5293,1.1247190713967317,1,2,0.1612483628424499,0.22763002035595184,_P2_staging/电站、变电所电气及设备04,电站、变电所电气及设备04,P2,_P2_staging,train,datas/raw_json/_P2_staging/电站、变电所电气及设备04.json,datas/qa_and_png/P2_oda_output/电站、变电所电气及设备04.png,6622,9362,,219892,,multi_panel_candidate,True,True
30187,30181,3626,530,25382,1,536,106,-363167.6647695771,-160553.4765937563,576216.2815497888,76422.84073071186,939383.9463193659,236976.31732446817,222611748152.48923,3.964041457497884,2,1,0.4819414482736002,0.04974983282193461,_P2_staging/电站、变电所电气及设备09,电站、变电所电气及设备09,P2,_P2_staging,val,datas/raw_json/_P2_staging/电站、变电所电气及设备09.json,datas/qa_and_png/P2_oda_output/电站、变电所电气及设备09.png,9362,6622,,294340,,huge_entity_count;multi_panel_candidate,True,True
8350,8257,6113,267,1214,457,197,9,-440378.2700095149,-238123.3777058735,582012.4386227137,130078.0302705253,1022390.7086322285,368201.4079763988,376445698420.3747,2.776715912769574,2,2,0.2239977071666896,0.39511919506388643,_P2_staging/电站、变电所电气及设备13,电站、变电所电气及设备13,P2,_P2_staging,train,datas/raw_json/_P2_staging/电站、变电所电气及设备13.json,datas/qa_and_png/P2_oda_output/电站、变电所电气及设备13.png,9362,6622,,338053,,multi_panel_candidate,True,True
18097,17333,12103,711,2913,10,792,804,-300.0,-143375.4757839995,560907.184957104,60432.65441075549,561207.184957104,203808.130194755,114378587017.96942,2.7536054838480957,2,2,0.3011769492086593,0.24244330447912613,_P3_staging_batch1/10KV开闭所二次原理图,10KV开闭所二次原理图,P3,_P3_staging_batch1,train,datas/raw_json/_P3_staging_batch1/10KV开闭所二次原理图.json,datas/qa_and_png/P3_oda_output/10KV开闭所二次原理图.png,9362,6622,,132415,,multi_panel_candidate,True,True
518,518,62,180,235,1,40,0,-5.68e-14,1.137e-13,374.4480521053037,245.3610481963378,374.44805210530376,245.3610481963377,91874.96655963421,1.5261104191471777,1,2,0.09676930465615306,0.2220752677976964,_P3_staging_batch1/11(RCS-9661B背面接线图(四)),11(RCS-9661B背面接线图(四)),P3,_P3_staging_batch1,val,datas/raw_json/_P3_staging_batch1/11(RCS-9661B背面接线图(四)).json,datas/qa_and_png/P3_oda_output/11(RCS-9661B背面接线图(四)).png,9362,6622,,131864,,multi_panel_candidate,True,True
993,955,611,159,28,1,83,73,0.0,0.0,385.5020037758638,270.1799026579541,385.5020037758638,270.1799026579541,104154.89385460912,1.4268344905872097,2,1,0.21935341765965335,0.07000219796325234,_P3_staging_batch1/7-8(RCS-9000保护测控一体化装置II型安装开孔图),7-8(RCS-9000保护测控一体化装置II型安装开孔图),P3,_P3_staging_batch1,train,datas/raw_json/_P3_staging_batch1/7-8(RCS-9000保护测控一体化装置II型安装开孔图).json,datas/qa_and_png/P3_oda_output/7-8(RCS-9000保护测控一体化装置II型安装开孔图).png,9362,6622,,135981,,multi_panel_candidate,True,True
1361,1341,859,76,180,2,216,8,146.2215422032832,-231.27530222186573,962.0932246987323,383.7101961579926,815.8716824954491,614.9854983798583,501749.2532734773,1.3266519042234544,2,1,0.31765662447087223,0.2519905839195451,_P3_staging_batch1/毕棚沟3#机保护表计单线图 2,毕棚沟3#机保护表计单线图 2,P3,_P3_staging_batch1,test,datas/raw_json/_P3_staging_batch1/毕棚沟3#机保护表计单线图 2.json,datas/qa_and_png/P3_oda_output/毕棚沟3#机保护表计单线图 2.png,9362,6620,,215276,,multi_panel_candidate,True,True
1071,1053,877,17,39,0,120,0,63.28610273160382,-87.75521165590646,659.2776091806547,274.8788044634023,595.9915064490509,362.63401611930874,216126.79355661623,1.643506896641947,2,1,0.21000539025111978,0.13795313302885592,_P3_staging_batch1/毕棚沟3#机厂用电接线图 7,毕棚沟3#机厂用电接线图 7,P3,_P3_staging_batch1,train,datas/raw_json/_P3_staging_batch1/毕棚沟3#机厂用电接线图 7.json,datas/qa_and_png/P3_oda_output/毕棚沟3#机厂用电接线图 7.png,9362,6622,,106088,,multi_panel_candidate,True,True
4742,4625,1121,1785,1394,107,194,24,-2502.263758577751,-426.8200801907626,3833.633394641319,347.1621656724037,6335.89715321907,773.9822458631663,4903871.908206537,8.186101408764362,3,1,0.32178731780440134,0.03294801264712323,_P3_staging_batch1/铁路配电所有载调压保护,铁路配电所有载调压保护,P3,_P3_staging_batch1,train,datas/raw_json/_P3_staging_batch1/铁路配电所有载调压保护.json,datas/qa_and_png/P3_oda_output/铁路配电所有载调压保护.png,9362,6622,,374656,,multi_panel_candidate,True,True
2242,1652,535,243,584,234,56,0,-29424.6393996987,-164724.8172808143,226987.6271995117,366.8325499744751,256412.26659921042,165091.64983078878,42331524129.715706,1.5531510337562258,1,2,0.41465098019614877,0.5084790994236025,_P3_staging_batch1/高压异步电机保护二次原理图,高压异步电机保护二次原理图,P3,_P3_staging_batch1,train,datas/raw_json/_P3_staging_batch1/高压异步电机保护二次原理图.json,datas/qa_and_png/P3_oda_output/高压异步电机保护二次原理图.png,9362,6622,,137540,,multi_panel_candidate,True,True
2320,2314,1202,96,675,161,171,9,-333.2038550289509,-135.5960257134933,3618.970364458255,2711.335794862647,3952.174219487206,2846.9318205761406,11251570.545918798,1.3882222928287038,1,2,0.1005863400565189,0.40735206769435045,_P3_staging_batch2/发-变组保护测量配置图,发-变组保护测量配置图,P3,_P3_staging_batch2,test,datas/raw_json/_P3_staging_batch2/发-变组保护测量配置图.json,datas/qa_and_png/P3_oda_output/发-变组保护测量配置图.png,9362,6622,,343732,,multi_panel_candidate,True,True
835,763,284,72,405,2,0,0,-24.76121549479355,-348.5831227900753,576.61526301477,237.7726547260238,601.3764785095635,586.3557775160991,352620.5726363688,1.0256170427058715,1,2,0.14244376590224783,0.19283982284637194,_P3_staging_batch3/#1所用变压器在微机保护柜上的端子排(B066-500-2115)wm666.taobao.com,#1所用变压器在微机保护柜上的端子排(B066-500-2115)wm666.taobao.com,P3,_P3_staging_batch3,val,datas/raw_json/_P3_staging_batch3/#1所用变压器在微机保护柜上的端子排(B066-500-2115)wm666.taobao.com.json,datas/qa_and_png/P3_oda_output/#1所用变压器在微机保护柜上的端子排(B066-500-2115)wm666.taobao.com.png,9362,6622,,158156,,multi_panel_candidate,True,True
296,296,114,16,148,18,0,0,-20.48718301980057,-330.5651405598448,370.0642954397627,264.3920502847707,390.55147845956327,594.9571908446155,232361.41050451313,0.656436268809739,1,2,0.10489266641585124,0.1995895814418976,_P3_staging_batch3/#1所用变有载调压装置接线图(B066-500-2109)wm666.taobao.com,#1所用变有载调压装置接线图(B066-500-2109)wm666.taobao.com,P3,_P3_staging_batch3,train,datas/raw_json/_P3_staging_batch3/#1所用变有载调压装置接线图(B066-500-2109)wm666.taobao.com.json,datas/qa_and_png/P3_oda_output/#1所用变有载调压装置接线图(B066-500-2109)wm666.taobao.com.png,6622,9362,,175512,,multi_panel_candidate,True,True
1642,1490,1036,44,398,2,0,10,201267.791695215,57807.75859422953,268920.2573693393,153149.2763914538,67652.46567412428,95341.51779722428,6450088760.095625,0.7095803301349779,1,2,0.08049787098303834,0.3490865299931269,_P3_staging_batch3/02-10kV配电装置室平面布置图wm666.taobao.com,02-10kV配电装置室平面布置图wm666.taobao.com,P3,_P3_staging_batch3,train,datas/raw_json/_P3_staging_batch3/02-10kV配电装置室平面布置图wm666.taobao.com.json,datas/qa_and_png/P3_oda_output/02-10kV配电装置室平面布置图wm666.taobao.com.png,6622,9362,,193062,,multi_panel_candidate,True,True
915,843,302,30,503,2,6,0,-25.00000000000011,-327.5876086935058,578.4747691639656,228.4498265915043,603.4747691639657,556.0374352850101,335554.562905145,1.0853132017175073,1,2,0.0715044153690879,0.19076544757280542,_P3_staging_batch3/500kV二滩I线路在监控屏上的端子排(B066-500-0415)wm666.taobao.com,500kV二滩I线路在监控屏上的端子排(B066-500-0415)wm666.taobao.com,P3,_P3_staging_batch3,train,datas/raw_json/_P3_staging_batch3/500kV二滩I线路在监控屏上的端子排(B066-500-0415)wm666.taobao.com.json,datas/qa_and_png/P3_oda_output/500kV二滩I线路在监控屏上的端子排(B066-500-0415)wm666.taobao.com.png,9362,6622,,170044,,multi_panel_candidate,True,True
1065,1053,340,20,675,18,0,0,-25.00000049140272,-343.2575075224685,586.42748345379,180.455546942567,611.4274839451928,523.7130544650355,320212.55520080833,1.16748566554209,1,2,0.05423028199096638,0.25634644105467697,_P3_staging_batch3/500kV母线侧断路器(13WDL)在监控柜上的端子排(B066-500-1503)wm666.taobao.com,500kV母线侧断路器(13WDL)在监控柜上的端子排(B066-500-1503)wm666.taobao.com,P3,_P3_staging_batch3,train,datas/raw_json/_P3_staging_batch3/500kV母线侧断路器(13WDL)在监控柜上的端子排(B066-500-1503)wm666.taobao.com.json,datas/qa_and_png/P3_oda_output/500kV母线侧断路器(13WDL)在监控柜上的端子排(B066-500-1503)wm666.taobao.com.png,9362,6622,,172784,,multi_panel_candidate,True,True
888,810,272,24,506,2,6,0,-25.00000058288197,-339.2048504070166,577.5340993155631,232.7264498361869,602.5340998984451,571.9313002432035,344608.111195786,1.0535078245275757,1,2,0.07892268094923244,0.1873244280012949,_P3_staging_batch3/500kV线路在监控柜上的端子排(B080-500-1406)wm666.taobao.com,500kV线路在监控柜上的端子排(B080-500-1406)wm666.taobao.com,P3,_P3_staging_batch3,train,datas/raw_json/_P3_staging_batch3/500kV线路在监控柜上的端子排(B080-500-1406)wm666.taobao.com.json,datas/qa_and_png/P3_oda_output/500kV线路在监控柜上的端子排(B080-500-1406)wm666.taobao.com.png,9362,6622,,172852,,multi_panel_candidate,True,True
8485,8460,2170,94,5274,917,1,4,833.9605795470288,-3845.864431785402,240435.4159108568,20555.33139626172,239601.45533130976,24401.195828047123,5846562032.224375,9.819250540824234,2,2,0.9202940074884748,0.188643615320998,_P3_staging_batch3/D-05 #1发电机主回路电气接线图wm666.taobao.com,D-05 #1发电机主回路电气接线图wm666.taobao.com,P3,_P3_staging_batch3,val,datas/raw_json/_P3_staging_batch3/D-05 #1发电机主回路电气接线图wm666.taobao.com.json,datas/qa_and_png/P3_oda_output/D-05 #1发电机主回路电气接线图wm666.taobao.com.png,9362,6622,,280668,,multi_panel_candidate,True,True
8147,8126,1973,89,5163,896,1,4,833.9605795470288,-3845.864431785402,240435.4159108568,20555.33139626172,239601.45533130976,24401.195828047123,5846562032.224375,9.819250540824234,2,2,0.9202940074884748,0.188643615320998,_P3_staging_batch3/D-06 #2发电机主回路电气接线图wm666.taobao.com,D-06 #2发电机主回路电气接线图wm666.taobao.com,P3,_P3_staging_batch3,train,datas/raw_json/_P3_staging_batch3/D-06 #2发电机主回路电气接线图wm666.taobao.com.json,datas/qa_and_png/P3_oda_output/D-06 #2发电机主回路电气接线图wm666.taobao.com.png,9362,6622,,250407,,multi_panel_candidate,True,True
8148,8127,1974,89,5163,896,1,4,833.9605795470288,-3845.864431785402,240435.4159108568,20555.33139626172,239601.45533130976,24401.195828047123,5846562032.224375,9.819250540824234,2,2,0.9202940074884748,0.188643615320998,_P3_staging_batch3/D-07 #3发电机主回路电气接线图wm666.taobao.com,D-07 #3发电机主回路电气接线图wm666.taobao.com,P3,_P3_staging_batch3,train,datas/raw_json/_P3_staging_batch3/D-07 #3发电机主回路电气接线图wm666.taobao.com.json,datas/qa_and_png/P3_oda_output/D-07 #3发电机主回路电气接线图wm666.taobao.com.png,9362,6622,,250463,,multi_panel_candidate,True,True
8142,8121,1973,87,5161,895,1,4,833.9605795470288,-3845.864431785402,240435.4159108568,20555.33139626172,239601.45533130976,24401.195828047123,5846562032.224375,9.819250540824234,2,2,0.9202940074884748,0.188643615320998,_P3_staging_batch3/D-08 #4发电机主回路电气接线图wm666.taobao.com,D-08 #4发电机主回路电气接线图wm666.taobao.com,P3,_P3_staging_batch3,train,datas/raw_json/_P3_staging_batch3/D-08 #4发电机主回路电气接线图wm666.taobao.com.json,datas/qa_and_png/P3_oda_output/D-08 #4发电机主回路电气接线图wm666.taobao.com.png,9362,6622,,249780,,multi_panel_candidate,True,True
24927,22144,8031,3718,3925,4027,1012,1431,-58216.4806151462,0.0,64960.7599065883,4.856672230564337e+83,123177.2405217345,4.856672230564337e+83,5.98231483479452e+88,2.5362477571895257e-79,2,1,0.3023881202683763,0.7499999999999991,_P3_staging_batch3/PE14-3113S 木渎金枫路架空入地10KV电缆工程,PE14-3113S 木渎金枫路架空入地10KV电缆工程,P3,_P3_staging_batch3,train,datas/raw_json/_P3_staging_batch3/PE14-3113S 木渎金枫路架空入地10KV电缆工程.json,datas/qa_and_png/P3_oda_output/PE14-3113S 木渎金枫路架空入地10KV电缆工程.png,9362,6619,,21289,,huge_entity_count;multi_panel_candidate,True,True
76074,74988,64892,2538,5519,669,1142,228,-9146195.473734818,-6523020.986411143,10561984.79697507,12137089.68491248,19708180.270709887,18660110.671323624,367756824981843.25,1.0561663120785725,2,2,0.523710546952822,0.20943089435925585,_P3_staging_batch3/大型小区10KV变配电工程全套施工图纸（系统图、完整大样图）wm666.taobao.com,大型小区10KV变配电工程全套施工图纸（系统图、完整大样图）wm666.taobao.com,P3,_P3_staging_batch3,train,datas/raw_json/_P3_staging_batch3/大型小区10KV变配电工程全套施工图纸（系统图、完整大样图）wm666.taobao.com.json,datas/qa_and_png/P3_oda_output/大型小区10KV变配电工程全套施工图纸（系统图、完整大样图）wm666.taobao.com.png,6622,9362,,33920,,huge_entity_count;multi_panel_candidate,True,True
13292,13269,11002,162,1191,216,0,698,-227652.6210479336,-13103.75832327842,297446.9496158588,178931.4658203844,525099.5706637923,192035.2241436628,100837613750.16246,2.7343919481717682,1,2,0.13572804956936677,0.22132648444340972,_P3_staging_batch3/电缆沟断面图wm666.taobao.com,电缆沟断面图wm666.taobao.com,P3,_P3_staging_batch3,train,datas/raw_json/_P3_staging_batch3/电缆沟断面图wm666.taobao.com.json,datas/qa_and_png/P3_oda_output/电缆沟断面图wm666.taobao.com.png,9362,6622,,21804,,multi_panel_candidate,True,True
4018,4008,1322,81,251,2205,115,34,-6161694.895883944,757608.1158775773,-3059444.41133451,1518793.367071757,3102250.484549434,761185.2511941798,2361387314349.027,4.075552540833511,2,2,0.982771974351151,0.9909957336100672,_P3_staging_batch4/002 主厂房厂用电接线图,002 主厂房厂用电接线图,P3,_P3_staging_batch4,train,datas/raw_json/_P3_staging_batch4/002 主厂房厂用电接线图.json,datas/qa_and_png/P3_oda_output/002 主厂房厂用电接线图.png,9362,6622,,21752,,multi_panel_candidate,True,True
3370,3331,950,53,195,2036,80,17,-6161694.895883944,756975.9994144363,-3059444.41133451,1518793.367071757,3102250.484549434,761817.3676573208,2363348297953.0977,4.072170859124968,2,2,0.982771974351151,0.9901734568483234,_P3_staging_batch4/003 #1机厂用电接线图,003 #1机厂用电接线图,P3,_P3_staging_batch4,train,datas/raw_json/_P3_staging_batch4/003 #1机厂用电接线图.json,datas/qa_and_png/P3_oda_output/003 #1机厂用电接线图.png,9362,6622,,21752,,multi_panel_candidate,True,True
2894,2870,549,178,174,1931,27,11,-6161694.895883944,757642.6282179444,3075213.954037009,1518793.367071757,9236908.849920953,761150.7388538127,7030679995842.654,12.135452780129274,2,2,0.3300676539271634,0.9910406676557362,_P3_staging_batch4/004 #1机组主厂房6kV  1A段一次接线图,004 #1机组主厂房6kV  1A段一次接线图,P3,_P3_staging_batch4,train,datas/raw_json/_P3_staging_batch4/004 #1机组主厂房6kV  1A段一次接线图.json,datas/qa_and_png/P3_oda_output/004 #1机组主厂房6kV  1A段一次接线图.png,9362,6622,,21747,,multi_panel_candidate,True,True
2879,2855,532,178,174,1934,27,10,-6161694.895883944,757639.3667103132,3075142.320224734,1518793.367071757,9236837.216108678,761154.0003614438,7030655597728.583,12.135306668193882,2,2,0.33007021367827805,0.9910364210949892,_P3_staging_batch4/005 #1机组主厂房6kV  1B段 一次接线图,005 #1机组主厂房6kV  1B段 一次接线图,P3,_P3_staging_batch4,train,datas/raw_json/_P3_staging_batch4/005 #1机组主厂房6kV  1B段 一次接线图.json,datas/qa_and_png/P3_oda_output/005 #1机组主厂房6kV  1B段 一次接线图.png,9362,6622,,21747,,multi_panel_candidate,True,True
2664,2644,416,167,140,1896,14,11,-6161694.895883944,757655.3196618125,3075151.104728489,1518793.367071757,9236846.000612434,761138.0474099446,7030514929132.504,12.135572557493663,2,2,0.3300698997720993,0.9910571925647818,_P3_staging_batch4/006 #1机组主厂房6kV  1C段一次接线图,006 #1机组主厂房6kV  1C段一次接线图,P3,_P3_staging_batch4,val,datas/raw_json/_P3_staging_batch4/006 #1机组主厂房6kV  1C段一次接线图.json,datas/qa_and_png/P3_oda_output/006 #1机组主厂房6kV  1C段一次接线图.png,9362,6622,,21747,,multi_panel_candidate,True,True
3163,3135,1104,61,95,1774,96,5,-6161694.895883944,757618.9873310645,-3059444.41133451,1518793.367071757,3102250.484549434,761174.3797406926,2361353588377.178,4.075610749807778,2,2,0.982771974351151,0.9910098874811257,_P3_staging_batch4/009 脱硫岛6KV系统PW-I段I配置接线图,009 脱硫岛6KV系统PW-I段I配置接线图,P3,_P3_staging_batch4,train,datas/raw_json/_P3_staging_batch4/009 脱硫岛6KV系统PW-I段I配置接线图.json,datas/qa_and_png/P3_oda_output/009 脱硫岛6KV系统PW-I段I配置接线图.png,9362,6622,,21743,,multi_panel_candidate,True,True
3077,3051,1037,56,90,1774,89,5,-6161694.895883944,757647.9858483205,-3059444.41133451,1518793.367071757,3102250.484549434,761145.3812234366,2361263627712.9697,4.07576602457075,2,2,0.982771974351151,0.9910476434972981,_P3_staging_batch4/010 脱硫6KV系统PW-II段I配置接线图,010 脱硫6KV系统PW-II段I配置接线图,P3,_P3_staging_batch4,train,datas/raw_json/_P3_staging_batch4/010 脱硫6KV系统PW-II段I配置接线图.json,datas/qa_and_png/P3_oda_output/010 脱硫6KV系统PW-II段I配置接线图.png,9362,6622,,21743,,multi_panel_candidate,True,True
3419,3373,630,204,246,2281,12,0,-6161694.895883944,757638.599530078,3074458.496025536,1518793.367071757,9236153.39190948,761154.7675416791,7030142187998.151,12.134396033200606,3,2,0.6640665018884392,0.9910354222133069,_P3_staging_batch4/035 220V直流系统接线图,035 220V直流系统接线图,P3,_P3_staging_batch4,train,datas/raw_json/_P3_staging_batch4/035 220V直流系统接线图.json,datas/qa_and_png/P3_oda_output/035 220V直流系统接线图.png,9362,6622,,21744,,multi_panel_candidate,True,True
2641,2443,388,82,118,1852,3,0,-6161694.895883944,757843.0758085385,-3059444.41133451,1518793.367071757,3102250.484549434,760950.2912632186,2360658409789.353,4.076810956205208,2,2,0.982771974351151,0.9913017250681495,_P3_staging_batch4/036 #1机220V直流馈线接线图（1）,036 #1机220V直流馈线接线图（1）,P3,_P3_staging_batch4,val,datas/raw_json/_P3_staging_batch4/036 #1机220V直流馈线接线图（1）.json,datas/qa_and_png/P3_oda_output/036 #1机220V直流馈线接线图（1）.png,9362,6622,,21750,,multi_panel_candidate,True,True
2619,2421,384,80,112,1844,1,0,-6161694.895883944,757837.8102166578,-3059444.41133451,1518793.367071757,3102250.484549434,760955.5568550993,2360674744974.316,4.076782745855107,2,2,0.982771974351151,0.9912948655475536,_P3_staging_batch4/037 #1机220V直流馈线接线图（2）,037 #1机220V直流馈线接线图（2）,P3,_P3_staging_batch4,train,datas/raw_json/_P3_staging_batch4/037 #1机220V直流馈线接线图（2）.json,datas/qa_and_png/P3_oda_output/037 #1机220V直流馈线接线图（2）.png,9362,6622,,21750,,multi_panel_candidate,True,True
3420,3374,630,204,247,2281,12,0,-6161694.895883944,757635.1527307596,3074562.512255679,1518793.367071757,9236257.408139624,761158.2143409975,7030253195973.366,12.134477739475328,3,2,0.6640702850805386,0.9910309344469616,_P3_staging_batch4/038 110V直流系统接线图,038 110V直流系统接线图,P3,_P3_staging_batch4,train,datas/raw_json/_P3_staging_batch4/038 110V直流系统接线图.json,datas/qa_and_png/P3_oda_output/038 110V直流系统接线图.png,9362,6622,,21744,,multi_panel_candidate,True,True
2714,2484,414,87,134,1849,0,0,-6161694.895883944,757825.3998366378,-3059444.41133451,1518793.367071757,3102250.484549434,760967.9672351193,2360713245081.7466,4.076716258926204,2,2,0.982771974351151,0.9912786988407761,_P3_staging_batch4/039 #1机110v A段直流馈线屏I接线图,039 #1机110v A段直流馈线屏I接线图,P3,_P3_staging_batch4,train,datas/raw_json/_P3_staging_batch4/039 #1机110v A段直流馈线屏I接线图.json,datas/qa_and_png/P3_oda_output/039 #1机110v A段直流馈线屏I接线图.png,9362,6622,,21750,,multi_panel_candidate,True,True
2710,2480,414,87,130,1849,0,0,-6161694.895883944,757847.4668883788,-3059444.41133451,1518793.367071757,3102250.484549434,760945.9001833783,2360644787559.7905,4.076834481665295,2,2,0.982771974351151,0.9913074454288474,_P3_staging_batch4/040 #1机110v A段直流馈线屏II接线图,040 #1机110v A段直流馈线屏II接线图,P3,_P3_staging_batch4,train,datas/raw_json/_P3_staging_batch4/040 #1机110v A段直流馈线屏II接线图.json,datas/qa_and_png/P3_oda_output/040 #1机110v A段直流馈线屏II接线图.png,9362,6622,,21750,,multi_panel_candidate,True,True
2158,2068,172,29,66,1801,0,0,-6161694.895883944,757855.9723511991,-3059444.41133451,1518793.367071757,3102250.484549434,760937.394720558,2360618401483.635,4.0768800509386,2,2,0.982771974351151,0.9913185258786703,_P3_staging_batch4/041 #1机110v A段直流馈线屏III接线图,041 #1机110v A段直流馈线屏III接线图,P3,_P3_staging_batch4,train,datas/raw_json/_P3_staging_batch4/041 #1机110v A段直流馈线屏III接线图.json,datas/qa_and_png/P3_oda_output/041 #1机110v A段直流馈线屏III接线图.png,9362,6622,,21749,,multi_panel_candidate,True,True
2711,2481,414,87,131,1849,0,0,-6161694.895883944,757845.171444767,-3059444.41133451,1518793.367071757,3102250.484549434,760948.19562699,2360651908600.847,4.076822183661671,2,2,0.982771974351151,0.9913044550934265,_P3_staging_batch4/042 #1机110v B段直流馈线屏I接线图,042 #1机110v B段直流馈线屏I接线图,P3,_P3_staging_batch4,train,datas/raw_json/_P3_staging_batch4/042 #1机110v B段直流馈线屏I接线图.json,datas/qa_and_png/P3_oda_output/042 #1机110v B段直流馈线屏I接线图.png,9362,6622,,21750,,multi_panel_candidate,True,True
2710,2480,414,87,130,1849,0,0,-6161694.895883944,757839.5298942708,-3059444.41133451,1518793.367071757,3102250.484549434,760953.8371774863,2360669410103.608,4.076791958965915,2,2,0.982771974351151,0.9912971057722623,_P3_staging_batch4/043 #1机110v B段直流馈线屏II接线图,043 #1机110v B段直流馈线屏II接线图,P3,_P3_staging_batch4,train,datas/raw_json/_P3_staging_batch4/043 #1机110v B段直流馈线屏II接线图.json,datas/qa_and_png/P3_oda_output/043 #1机110v B段直流馈线屏II接线图.png,9362,6622,,21750,,multi_panel_candidate,True,True
2156,2066,170,29,66,1801,0,0,-6161694.895883944,757854.3271679562,-3059444.41133451,1518793.367071757,3102250.484549434,760939.0399038009,2360623505254.1475,4.076871236546919,2,2,0.982771974351151,0.991316382604976,_P3_staging_batch4/044 #1机110v B段直流馈线屏III接线图,044 #1机110v B段直流馈线屏III接线图,P3,_P3_staging_batch4,train,datas/raw_json/_P3_staging_batch4/044 #1机110v B段直流馈线屏III接线图.json,datas/qa_and_png/P3_oda_output/044 #1机110v B段直流馈线屏III接线图.png,9362,6622,,21749,,multi_panel_candidate,True,True
2795,2593,613,29,104,1841,3,3,-6161694.895883944,757862.4660841535,-3059444.41133451,1518793.367071757,3102250.484549434,760930.9009876036,2360598256297.4307,4.076914842757809,2,2,0.982771974351151,0.9913269857240669,_P3_staging_batch4/054 #1机UPS电源A配电屏接线图,054 #1机UPS电源A配电屏接线图,P3,_P3_staging_batch4,train,datas/raw_json/_P3_staging_batch4/054 #1机UPS电源A配电屏接线图.json,datas/qa_and_png/P3_oda_output/054 #1机UPS电源A配电屏接线图.png,9362,6622,,21754,,multi_panel_candidate,True,True
2795,2593,613,29,104,1841,3,3,-6161694.895883944,757862.4660841535,-3059444.41133451,1518793.367071757,3102250.484549434,760930.9009876036,2360598256297.4307,4.076914842757809,2,2,0.982771974351151,0.9913269857240669,_P3_staging_batch4/055 #1机UPS电源B配电屏接线图,055 #1机UPS电源B配电屏接线图,P3,_P3_staging_batch4,train,datas/raw_json/_P3_staging_batch4/055 #1机UPS电源B配电屏接线图.json,datas/qa_and_png/P3_oda_output/055 #1机UPS电源B配电屏接线图.png,9362,6622,,21746,,multi_panel_candidate,True,True
3416,3370,630,204,243,2281,12,0,-6161694.895883944,757632.6185753283,3074643.440470546,1518793.367071757,9236338.33635449,761160.7484964288,7030338201465.844,12.134543661900118,3,2,0.6640732284755461,0.9910276349777889,_P3_staging_batch4/056 继电器楼110V直流系统接线图,056 继电器楼110V直流系统接线图,P3,_P3_staging_batch4,test,datas/raw_json/_P3_staging_batch4/056 继电器楼110V直流系统接线图.json,datas/qa_and_png/P3_oda_output/056 继电器楼110V直流系统接线图.png,9362,6622,,21744,,multi_panel_candidate,True,True
2897,2627,510,107,146,1864,0,0,-6161694.895883944,757862.4660841535,-3059444.41133451,1518793.367071757,3102250.484549434,760930.9009876036,2360598256297.4307,4.076914842757809,2,2,0.982771974351151,0.9913269857240669,_P3_staging_batch4/059 110V直流A段馈线接线图（1）,059 110V直流A段馈线接线图（1）,P3,_P3_staging_batch4,train,datas/raw_json/_P3_staging_batch4/059 110V直流A段馈线接线图（1）.json,datas/qa_and_png/P3_oda_output/059 110V直流A段馈线接线图（1）.png,9362,6622,,21749,,multi_panel_candidate,True,True
2697,2475,416,89,124,1846,0,0,-6161694.895883944,757862.4660841535,-3059444.41133451,1518793.367071757,3102250.484549434,760930.9009876036,2360598256297.4307,4.076914842757809,2,2,0.982771974351151,0.9913269857240669,_P3_staging_batch4/060 110V直流A段馈线接线图（2）,060 110V直流A段馈线接线图（2）,P3,_P3_staging_batch4,train,datas/raw_json/_P3_staging_batch4/060 110V直流A段馈线接线图（2）.json,datas/qa_and_png/P3_oda_output/060 110V直流A段馈线接线图（2）.png,9362,6622,,21750,,multi_panel_candidate,True,True
2933,2659,512,107,144,1896,0,0,-6161694.895883944,757862.4660841535,-3059444.41133451,1518793.367071757,3102250.484549434,760930.9009876036,2360598256297.4307,4.076914842757809,2,2,0.982771974351151,0.9913269857240669,_P3_staging_batch4/061 110V直流B段馈线接线图（1）,061 110V直流B段馈线接线图（1）,P3,_P3_staging_batch4,train,datas/raw_json/_P3_staging_batch4/061 110V直流B段馈线接线图（1）.json,datas/qa_and_png/P3_oda_output/061 110V直流B段馈线接线图（1）.png,9362,6622,,21750,,multi_panel_candidate,True,True
1706,1651,998,51,113,14,31,444,-29448.27296535698,-3885.993925094645,11205.45489447583,7488.082038374207,40653.72785983281,11374.075963468851,462398588.87592834,3.574244447672415,1,2,0.383600814983646,0.2347807970200884,_P3_staging_batch4/10KV配网设计块图,10KV配网设计块图,P3,_P3_staging_batch4,train,datas/raw_json/_P3_staging_batch4/10KV配网设计块图.json,datas/qa_and_png/P3_oda_output/10KV配网设计块图.png,9362,6622,,122484,,multi_panel_candidate,True,True
3355,3355,1584,69,1557,9,69,67,0.0,-19875.05788667361,37674.896059141676,0.0,37674.896059141676,19875.05788667361,748790740.0498523,1.8955867335814405,2,2,0.3838128181921562,0.4315480217897135,_P3_staging_batch4/10kv系统单线图,10kv系统单线图,P3,_P3_staging_batch4,train,datas/raw_json/_P3_staging_batch4/10kv系统单线图.json,datas/qa_and_png/P3_oda_output/10kv系统单线图.png,9362,6622,,301703,,multi_panel_candidate,True,True
42977,42743,21097,7835,8923,569,3239,1080,-11073.68899330245,-4011.677602913374,3130.622555533911,11150.52192368745,14204.311548836362,15162.199526600825,215368605.8414573,0.9368239432488717,2,2,0.4779985198966831,0.3664330887819916,_P3_staging_batch4/DDC接线图,DDC接线图,P3,_P3_staging_batch4,train,datas/raw_json/_P3_staging_batch4/DDC接线图.json,datas/qa_and_png/P3_oda_output/DDC接线图.png,6622,9362,,433445,,huge_entity_count;multi_panel_candidate,True,True
29589,29376,28239,235,438,302,87,75,3350.861783240306,966.2969744226875,5163.252233857337,3416.886958134218,1812.390450617031,2450.5899837115303,4441425.884856523,0.7395731079713641,1,2,0.02207029946906967,0.5372490276429083,_P3_staging_batch4/供电设计院设计10KV电缆管群图,供电设计院设计10KV电缆管群图,P3,_P3_staging_batch4,train,datas/raw_json/_P3_staging_batch4/供电设计院设计10KV电缆管群图.json,datas/qa_and_png/P3_oda_output/供电设计院设计10KV电缆管群图.png,6622,9362,,187335,,huge_entity_count;multi_panel_candidate,True,True
1468,1466,666,49,630,0,121,0,-971.5827527667773,-820.6003988370991,596.9675713476597,-246.6003776459598,1568.550324114437,574.0000211911392,900347.9192810551,2.7326659690002297,2,1,0.1842071297819386,0.022228642500344616,_P3_staging_batch4/发电机保护屏端子图,发电机保护屏端子图,P3,_P3_staging_batch4,train,datas/raw_json/_P3_staging_batch4/发电机保护屏端子图.json,datas/qa_and_png/P3_oda_output/发电机保护屏端子图.png,9362,6622,,105812,,multi_panel_candidate,True,True
11278,11229,6423,405,3679,1,640,81,66.15295425631257,-1769.607774536843,3764.220986733773,270.1538754960021,3698.0680324774603,2039.761650032845,7543177.351859941,1.8129902738478845,1,2,0.13328601438650628,0.23323842056984176,_P3_staging_batch4/某学校系统图及接线图,某学校系统图及接线图,P3,_P3_staging_batch4,train,datas/raw_json/_P3_staging_batch4/某学校系统图及接线图.json,datas/qa_and_png/P3_oda_output/某学校系统图及接线图.png,9362,6622,,311316,,multi_panel_candidate,True,True
